{
    "HR": 84.58144338298742,
    "O2Sat": 97.19395453339598,
    "Temp": 36.977228240795384,
    "SBP": 123.75046539637763,
    "MAP": 82.40009988667639,
    "DBP": 63.83055577034239,
    "Resp": 18.72649785557987,
    "EtCO2": 32.95765667291276,
    "BaseExcess": -0.6899191871174756,
    "HCO3": 24.075480562219358,
    "FiO2": 0.5548386348703284,
    "pH": 7.37893402619616,
    "PaCO2": 41.02186880800917,
    "SaO2": 92.65418774854838,
    "AST": 260.22338482309493,
    "BUN": 23.91545210569777,
    "Alkalinephos": 102.48366144100076,
    "Calcium": 7.557530849328269,
    "Chloride": 105.82790991400108,
    "Creatinine": 1.5106993531749389,
    "Bilirubin_direct": 1.8361772575250843,
    "Glucose": 136.9322832898959,
    "Lactate": 2.646666023259181,
    "Magnesium": 2.05145021490337,
    "Phosphate": 3.544237652686153,
    "Potassium": 4.135527970939283,
    "Bilirubin_total": 2.114059461561731,
    "TroponinI": 8.290099451999183,
    "Hct": 30.79409334002751,
    "Hgb": 10.43083278791528,
    "PTT": 41.231193461563706,
    "WBC": 11.446405019759258,
    "Fibrinogen": 287.38570591681315,
    "Platelets": 196.01391078961922,
    "Age": 62.00946887985519,
    "Gender": 0.5592690422043409,
    "Unit1": 0.49657112470087744,
    "Unit2": 0.5034288752991226,
    "HospAdmTime": -56.12512176894499,
    "ICULOS": 26.994992301299437
}